[{"pk": 1, "model": "cms.variable", "fields": {"var": "{{ temp_password }}", "description": "Temporary password"}}, {"pk": 2, "model": "cms.variable", "fields": {"var": "http://{{ host_name }}{% url verify_account verification_code %}", "description": "Account verification link"}}, {"pk": 3, "model": "cms.variable", "fields": {"var": "{{ first_name }}", "description": "User's first name"}}, {"pk": 4, "model": "cms.variable", "fields": {"var": "{{ role.name }}", "description": "User's role e.g. host, pro, taster"}}, {"pk": 5, "model": "cms.variable", "fields": {"var": "{{ party_name }}", "description": "Name of the party"}}, {"pk": 6, "model": "cms.variable", "fields": {"var": "{{ invite_host_name }}", "description": "Name of the party host"}}, {"pk": 7, "model": "cms.variable", "fields": {"var": "{{ invite_host_email }}", "description": "Email of the party host"}}, {"pk": 8, "model": "cms.variable", "fields": {"var": "http://{{ host_name }}{% url party_rsvp party_id %}", "description": "RSVP link"}}, {"pk": 9, "model": "cms.variable", "fields": {"var": "{{ first_name }}", "description": "First name"}}, {"pk": 10, "model": "cms.variable", "fields": {"var": "{{ first_name }}", "description": "Pro's First name"}}, {"pk": 11, "model": "cms.variable", "fields": {"var": "{{ last_name }}", "description": "Pro's Last name"}}, {"pk": 12, "model": "cms.variable", "fields": {"var": "{{ email }}", "description": "Pro's Email"}}, {"pk": 13, "model": "cms.variable", "fields": {"var": "{{ zipcode }}", "description": "Pro's zipcode"}}, {"pk": 14, "model": "cms.variable", "fields": {"var": "{{ phone }}", "description": "Pro's phone number. Only shown if available"}}, {"pk": 15, "model": "cms.variable", "fields": {"var": "{{ host_first_name }}", "description": "Host's First name"}}, {"pk": 16, "model": "cms.variable", "fields": {"var": "{{ first_name }}", "description": "Host's First name"}}, {"pk": 17, "model": "cms.variable", "fields": {"var": "{{ applicant.first_name }}", "description": "The first name of the approved pro"}}, {"pk": 18, "model": "cms.variable", "fields": {"var": "{{ first_name }}", "description": "The host's first name"}}, {"pk": 19, "model": "cms.variable", "fields": {"var": "{{ customer }}", "description": "First name of the customer"}}, {"pk": 20, "model": "cms.variable", "fields": {"var": "{{ order_id }}", "description": "Order ID"}}, {"pk": 21, "model": "cms.variable", "fields": {"var": "http://{{ host_name }}{% url order_complete order_id %}", "description": "Link to the completed order"}}, {"pk": 22, "model": "cms.variable", "fields": {"var": "{{ order.receiver.first_name }}", "description": "First name of the customer"}}, {"pk": 23, "model": "cms.variable", "fields": {"var": "{{ pro_first_name }}", "description": "First name of the Vinely Pro"}}, {"pk": 24, "model": "cms.variable", "fields": {"var": "{{ first_name }}", "description": "Host's first name"}}, {"pk": 25, "model": "cms.variable", "fields": {"var": "{{ last_name }}", "description": "Host's last name"}}, {"pk": 26, "model": "cms.variable", "fields": {"var": "{{ email }}", "description": "Host's email"}}, {"pk": 27, "model": "cms.variable", "fields": {"var": "{{ phone }}", "description": "Host's phone - only shown if it exists"}}, {"pk": 28, "model": "cms.variable", "fields": {"var": "{{ zipcode }}", "description": "Host's zipcode"}}, {"pk": 29, "model": "cms.variable", "fields": {"var": "{{ host_first_name }}", "description": "Host's first name"}}, {"pk": 30, "model": "cms.variable", "fields": {"var": "{{ party.title }}", "description": "The name of the party"}}, {"pk": 31, "model": "cms.variable", "fields": {"var": "{{ party.description }}", "description": "Description of the party. Only shown if exists"}}, {"pk": 32, "model": "cms.variable", "fields": {"var": "{{ party.event_date }}", "description": "Date when event is to take place"}}, {"pk": 33, "model": "cms.variable", "fields": {"var": "http://{{ host_name }}{% url party_taster_invite party.id %}", "description": "Link to the party details"}}, {"pk": 34, "model": "cms.variable", "fields": {"var": "{{ pro_email }}", "description": "Email of the pro that scheduled the party"}}, {"pk": 35, "model": "cms.variable", "fields": {"var": "{{ party.event_date }}", "description": "Phone number of the pro. Only shown if exists"}}, {"pk": 36, "model": "cms.variable", "fields": {"var": "{{ party.address.full_text }}", "description": "Address of the event"}}, {"pk": 37, "model": "cms.variable", "fields": {"var": "{{ custom_message }}", "description": "Optional custom message added to the invite"}}, {"pk": 38, "model": "cms.variable", "fields": {"var": "http://{{ host_name }}{% url party_rsvp party.id %}", "description": "RSVP Link"}}, {"pk": 39, "model": "cms.variable", "fields": {"var": "{{ first_name }}", "description": "The invitee's first name"}}, {"pk": 40, "model": "cms.variable", "fields": {"var": "http://{{ host_name }}{% url pre_questionnaire_general %}", "description": "Link to the tasting questionnaire"}}, {"pk": 41, "model": "cms.variable", "fields": {"var": "{{ contact_request.first_name }}", "description": "First name of the user (Optional)"}}, {"pk": 42, "model": "cms.variable", "fields": {"var": "{{ contact_request.last_name }}", "description": "Last name of the user (Optional)"}}, {"pk": 43, "model": "cms.variable", "fields": {"var": "{{ contact_request.email }}", "description": "User's email"}}, {"pk": 44, "model": "cms.variable", "fields": {"var": "{{ contact_request.phone }}", "description": "User's phone"}}, {"pk": 45, "model": "cms.variable", "fields": {"var": "{{ contact_request.subject }}", "description": "Subject of the request"}}, {"pk": 46, "model": "cms.variable", "fields": {"var": "{{ contact_request.message }}", "description": "Message content of the request"}}, {"pk": 47, "model": "cms.variable", "fields": {"var": "{{ host_user.first_name }}", "description": "Host's first name"}}, {"pk": 48, "model": "cms.variable", "fields": {"var": "{{ host_user.last_name }}", "description": "Host's last name"}}, {"pk": 49, "model": "cms.variable", "fields": {"var": "{{ pro_user.first_name }}", "description": "Pro's first name"}}, {"pk": 50, "model": "cms.variable", "fields": {"var": "{{ pro_user.last_name }}", "description": "Pro's last name"}}, {"pk": 51, "model": "cms.variable", "fields": {"var": "{{ pro_user.get_profile.phone }}", "description": "Pro's phone number"}}, {"pk": 52, "model": "cms.variable", "fields": {"var": "{{ mentee.first_name }}", "description": "Mentee's first name"}}, {"pk": 53, "model": "cms.variable", "fields": {"var": "{{ mentee.last_name }}", "description": "Mentee's last name"}}, {"pk": 54, "model": "cms.variable", "fields": {"var": "{{ mentor.first_name }}", "description": "Mentor's first name"}}, {"pk": 55, "model": "cms.variable", "fields": {"var": "{{ mentor.last_name }}", "description": "Mentor's last name"}}, {"pk": 56, "model": "cms.variable", "fields": {"var": "{{ mentor.email }}", "description": "Mentor's email"}}, {"pk": 57, "model": "cms.variable", "fields": {"var": "{{ mentor.get_profile.phone }}", "description": "Mentor's phone number"}}, {"pk": 58, "model": "cms.variable", "fields": {"var": "{{ mentee.email }}", "description": "Mentee's email"}}, {"pk": 59, "model": "cms.variable", "fields": {"var": "{{ mentee.get_profile.phone }}", "description": "Mentee's phone number"}}, {"pk": 60, "model": "cms.variable", "fields": {"var": "{{ rsvp_date }}", "description": "Date by which the attendee should RSVP (5 days prior to event)"}}, {"pk": 61, "model": "cms.variable", "fields": {"var": "{{ party.event_date }}", "description": "Date when event took take place"}}, {"pk": 62, "model": "cms.variable", "fields": {"var": "{{ custom_message }}", "description": "Optional custom message added to the thank you message"}}, {"pk": 5, "model": "cms.contenttemplate", "fields": {"category": 0, "variables_legend": [1, 2], "last_modified": "2012-09-26T14:34:59.847Z", "key": "verification_email"}}, {"pk": 12, "model": "cms.contenttemplate", "fields": {"category": 0, "variables_legend": [16], "last_modified": "2012-09-26T14:35:00.992Z", "key": "unknown_pro_party_email"}}, {"pk": 20, "model": "cms.contenttemplate", "fields": {"category": 0, "variables_legend": [39, 40], "last_modified": "2012-09-26T14:35:02.132Z", "key": "rsvp_thank_you_email"}}, {"pk": 10, "model": "cms.contenttemplate", "fields": {"category": 0, "variables_legend": [10, 11, 12, 13, 14], "last_modified": "2012-09-26T14:35:00.687Z", "key": "pro_review_email"}}, {"pk": 9, "model": "cms.contenttemplate", "fields": {"category": 0, "variables_legend": [9], "last_modified": "2012-09-26T14:35:00.647Z", "key": "pro_request_email"}}, {"pk": 22, "model": "cms.contenttemplate", "fields": {"category": 0, "variables_legend": [47, 48, 49, 50, 51], "last_modified": "2012-09-26T14:35:02.874Z", "key": "pro_assigned_notification_email"}}, {"pk": 13, "model": "cms.contenttemplate", "fields": {"category": 0, "variables_legend": [17], "last_modified": "2012-09-26T14:35:01.037Z", "key": "pro_approved_email"}}, {"pk": 6, "model": "cms.contenttemplate", "fields": {"category": 0, "variables_legend": [1, 2, 3, 4], "last_modified": "2012-09-26T14:35:00.130Z", "key": "password_change_email"}}, {"pk": 16, "model": "cms.contenttemplate", "fields": {"category": 0, "variables_legend": [20, 21, 22], "last_modified": "2012-09-26T14:35:01.280Z", "key": "order_shipped_email"}}, {"pk": 15, "model": "cms.contenttemplate", "fields": {"category": 0, "variables_legend": [19, 20, 21], "last_modified": "2012-09-26T14:35:01.200Z", "key": "order_confirmation_email"}}, {"pk": 14, "model": "cms.contenttemplate", "fields": {"category": 0, "variables_legend": [18], "last_modified": "2012-09-26T14:35:01.084Z", "key": "not_in_area_party_email"}}, {"pk": 18, "model": "cms.contenttemplate", "fields": {"category": 0, "variables_legend": [29, 30, 31, 32, 33, 34, 35], "last_modified": "2012-09-26T14:35:01.647Z", "key": "new_party_scheduled_email"}}, {"pk": 8, "model": "cms.contenttemplate", "fields": {"category": 0, "variables_legend": [1, 2, 6], "last_modified": "2012-09-26T14:35:00.520Z", "key": "new_party_email"}}, {"pk": 7, "model": "cms.contenttemplate", "fields": {"category": 0, "variables_legend": [1, 2, 5, 6, 7, 8], "last_modified": "2012-09-26T14:35:00.337Z", "key": "new_invitation_email"}}, {"pk": 23, "model": "cms.contenttemplate", "fields": {"category": 0, "variables_legend": [52, 53, 54, 55, 56, 57], "last_modified": "2012-09-26T14:35:03.131Z", "key": "mentor_assigned_notification_email"}}, {"pk": 24, "model": "cms.contenttemplate", "fields": {"category": 0, "variables_legend": [52, 53, 54, 55, 58, 59], "last_modified": "2012-09-26T14:35:03.579Z", "key": "mentee_assigned_notification_email"}}, {"pk": 11, "model": "cms.contenttemplate", "fields": {"category": 0, "variables_legend": [15], "last_modified": "2012-09-26T14:35:00.951Z", "key": "know_pro_party_email"}}, {"pk": 17, "model": "cms.contenttemplate", "fields": {"category": 0, "variables_legend": [23, 24, 25, 26, 27, 28], "last_modified": "2012-09-26T14:35:01.376Z", "key": "host_vinely_party_email"}}, {"pk": 27, "model": "cms.contenttemplate", "fields": {"category": 0, "variables_legend": [30, 61, 62], "last_modified": "2012-10-16T19:31:35.616Z", "key": "distribute_party_thanks_note_email"}}, {"pk": 19, "model": "cms.contenttemplate", "fields": {"category": 0, "variables_legend": [30, 31, 32, 36, 37, 38, 60], "last_modified": "2012-11-10T00:42:44.520Z", "key": "distribute_party_invites_email"}}, {"pk": 21, "model": "cms.contenttemplate", "fields": {"category": 0, "variables_legend": [41, 42, 43, 44, 45, 46], "last_modified": "2012-09-26T14:35:02.301Z", "key": "contact_request_email"}}, {"pk": 25, "model": "cms.contenttemplate", "fields": {"category": 1, "variables_legend": [], "last_modified": "2012-11-14T21:41:12.648Z", "key": "vinely_event"}}, {"pk": 26, "model": "cms.contenttemplate", "fields": {"category": 1, "variables_legend": [], "last_modified": "2012-10-12T21:59:32.277Z", "key": "uncover_personality"}}, {"pk": 3, "model": "cms.contenttemplate", "fields": {"category": 1, "variables_legend": [], "last_modified": "2012-09-26T14:34:59.813Z", "key": "our_story"}}, {"pk": 1, "model": "cms.contenttemplate", "fields": {"category": 1, "variables_legend": [], "last_modified": "2012-10-15T17:59:16.974Z", "key": "landing_page"}}, {"pk": 4, "model": "cms.contenttemplate", "fields": {"category": 1, "variables_legend": [], "last_modified": "2012-10-17T13:20:35.166Z", "key": "how_it_works"}}, {"pk": 2, "model": "cms.contenttemplate", "fields": {"category": 1, "variables_legend": [], "last_modified": "2012-10-22T06:46:37.333Z", "key": "get_started"}}, {"pk": 5, "model": "cms.section", "fields": {"category": 0, "content": "\n      <h2>Great tastes are hard to come by</h2>\n\n      <p>Our question was simple: Why? Why can't finding tastes you love be easy, social, and fun? Now they are, with Vinely.</p>\n\n      <p>It may look like we have a great time (which we do), but when it comes to taste, we mean business. Serious business. The proof? Our patented Vinely Methodology - a proven system, thoughtfully engineered to define your true Vinely Personality. (It's not rocket science, but it's not far off.)</p>\n\n      <p>At each and every Vinely Taste Party, this methodology is hard at work, separating the Moxies from the Sensational. The Exuberant from the Easygoing. And the Whimsical from the Serendipitous. In turn, you'll be introduced to tastes that fit your Vinely Personality - tastes you won't be able to get enough of.</p>\n\n      <p>We're not out to change the things you enjoy. Fact is, we're here to help you embrace them even more! And with a Vinely Personality, there's nothing stopping you from finding wines that entice, excite, and encourage you to taste Your Personality every chance you get.</p>\n\n      <p>What are you waiting for?</p>    \n    ", "template": 3}}, {"pk": 8, "model": "cms.section", "fields": {"category": 0, "content": "\n\n    {% load static %}\n\n    Hey {% if first_name %}{{ first_name }}{% else %}{{ role.name }}{% endif %}!\n\n    We heard you lost your password. (No prob.  Happens all the time.)\n\n    Here's your temporary password: {{ temp_password }} \n\n    Please update your account with a new password at:\n\n      http://{{ host_name }}{% url verify_account verification_code %}\n\n    Use this password to verify your account and change your password.\n\n    If you don't know why you're receiving this email, click <a href=\"mailto:care@vinely.com\">here</a>.\n\n    {% if sig %}<div class=\"signature\"><img src=\"{{ EMAIL_STATIC_URL }}img/vinely_logo_signature.png\"></div>{% endif %}\n\n    Your Tasteful Friends,\n\n    - The Vinely Team \n\n    ", "template": 6}}, {"pk": 9, "model": "cms.section", "fields": {"category": 0, "content": "\n\n    {% load static %}\n\n    You have been invited to a Vinely Party [{{ party_name }}] by {{ invite_host_name }} ({{ invite_host_email }}).\n    We have automatically created a new account for you.\n\n    Please verify your e-mail address and create a new password by going to:\n\n      http://{{ host_name }}{% url verify_account verification_code %}\n\n    Your temporary password is: {{ temp_password }} \n\n    Use this password to verify your account.\n\n\n    You will receive an invitation soon, but you can go ahead and RSVP to above party invitation at:\n\n      http://{{ host_name }}{% url party_rsvp party_id %}\n\n    {% if sig %}<div class=\"signature\"><img src=\"{{ EMAIL_STATIC_URL }}img/vinely_logo_signature.png\"></div>{% endif %}\n    \n    from your Vinely Pros.\n\n    ", "template": 7}}, {"pk": 10, "model": "cms.section", "fields": {"category": 0, "content": "\n\n    {% load static %}\n\n    You have been approved to host a new Vinely party by {{ invite_host_name }} ({{ invite_host_email }}).\n\n    Please verify your e-mail address and create a new password by going to:\n\n    http://{{ host_name }}{% url verify_account verification_code %}\n\n    Your temporary password is: {{ temp_password }} \n\n    Use this password to verify your account.\n\n    {% if sig %}<div class=\"signature\"><img src=\"{{ EMAIL_STATIC_URL }}img/vinely_logo_signature.png\"></div>{% endif %}\n\n    from your Vinely Pros\n\n    ", "template": 8}}, {"pk": 2, "model": "cms.section", "fields": {"category": 0, "content": "<span></span>", "template": 2}}, {"pk": 1, "model": "cms.section", "fields": {"category": 0, "content": "<h1>CHANGE THE WAY YOU EXPERIENCE WINE.</h1>\n\n<p>Vinely is the fun, easy way to discover wines you\u2019re sure to love. </p>\n\n<p>We learn about your tastes at a private tasting party for you and your friends. Then we hand-select wines, perfectly matched to your tastes, and deliver them right to your door. Interested?</p>\n", "template": 1}}, {"pk": 6, "model": "cms.section", "fields": {"category": 0, "content": "<h2>Taste.</h2>\n<p>Enjoy a private wine tasting with friends. A Vinely Pro will lead everyone through the simple, Vinely tasting experience.</p>\n\n<h2>Rate.</h2>\n<p>At the party, sip, savor, and rate each wine. Each rating provides an insight we'll use to uncover your tastes in wine, which we call your \u2018wine personality\u2019. You might  be Whimsical, Exuberant, Sensational, Moxie, Easygoing, or Serendipitous.</p>\n\n<h2>ORDER.</h2>\n<p>Once your personality has been revealed, leave the rest to us. You can order wine, which we\u2019ll hand-select to match perfectly with your taste, and deliver it right to your door. It\u2019s a delicious, personalized surprise, every time!</p>\n\n<h2>REPEAT.</h2>\n<p>Did you like it? Did you love it? The more you drink, the better we get to know you. Giving Vinely feedback helps us hone in further on your tastes, bringing you one step closer to discovering your perfect wine. Place orders one shipment at a time, or become a VIP and receive orders monthly, bimonthly, or quarterly. </p>\n", "template": 4}}, {"pk": 11, "model": "cms.section", "fields": {"category": 0, "content": "\n\n    {% load static %}\n\n    Hey, {{ first_name }}!\n\n    We're thrilled about your interest in becoming a Vinely Pro.\n\n    We will review your application soon and get back to you within the next 48hrs.\n\n    If you haven't heard anything in 48 hours, please contact a Vinely Care Specialist at \n    (888) 294-1128 ext. 1 or <a href=\"mailto:care@vinely.com\">email</a> us.\n\n    {% if sig %}<div class=\"signature\"><img src=\"{{ EMAIL_STATIC_URL }}img/vinely_logo_signature.png\"></div>{% endif %}\n    \n    Your Tasteful Friends,\n\n    - The Vinely Team \n\n    ", "template": 9}}, {"pk": 12, "model": "cms.section", "fields": {"category": 0, "content": "\n\n    Hey Care Specialist,\n\n    Someone has sent a request to be a Vinely Pro!\n    Please follow up ASAP to help set them up and answer any possible questions.\n\n    Name: {{ first_name }} {{ last_name }}\n\n    Email Address: {{ email }} \n\n    Zipcode: {{ zipcode }}\n\n    {% if phone %}\n    Phone: {{ phone }}\n    {% endif %}\n\n    ", "template": 10}}, {"pk": 13, "model": "cms.section", "fields": {"category": 0, "content": "\n\n    {% load static %}\n\n    Hey {{ host_first_name }}!\n\n    We're thrilled about your interest in hosting a Vinely Taste Party!  \n    Since you already have a Vinely Pro in mind, they will soon be in contact to set a date and time.\n    If you haven't heard anything in 48 hours, please contact a Vinely Care Specialist at:\n\n      (888) 294-1128 ext. 1 or <a href=\"mailto:care@vinely.com\">email</a> us. \n\n    {% if sig %}<div class=\"signature\"><img src=\"{{ EMAIL_STATIC_URL }}img/vinely_logo_signature.png\"></div>{% endif %}\n\n    Your Tasteful Friends,\n\n    - The Vinely Team\n\n    ", "template": 11}}, {"pk": 14, "model": "cms.section", "fields": {"category": 0, "content": "\n\n    {% load static %}\n\n    Hey, {{ first_name }}!\n\n    We're thrilled about your interest in hosting a Vinely Taste Party!\n\n    To ensure you'll be the host with the most, we'll need to pair you with a Vinely Pro. They'll be reaching out soon.\n\n    If you haven't heard anything in 48 hours, please contact a Vinely Care Specialist at (888) 294-1128 ext. 1 or <a href=\"mailto:care@vinely.com\">email</a> us. \n\n    {% if sig %}<div class=\"signature\"><img src=\"{{ EMAIL_STATIC_URL }}img/vinely_logo_signature.png\"></div>{% endif %}\n\n    Your Tasteful Friends,\n\n    - The Vinely Team\n\n    ", "template": 12}}, {"pk": 15, "model": "cms.section", "fields": {"category": 0, "content": "\n\n    {% load static %}\n\n    Hey {{ applicant.first_name }},<br>\n\n    Your application to become Vinely Pro has been approved.  \n\n    Your Pro account number is {{ pro_account_number }}. Please keep that for future reference.\n\n    You may now login to your account and start recruiting hosts for your taste parties!\n\n    Go have some fun wine parties!\n\n    {% if sig %}<div class=\"signature\"><img src=\"{{ EMAIL_STATIC_URL }}img/vinely_logo_signature.png\"></div>{% endif %}\n    \n    Your Tasteful Friends,\n\n    - The Vinely Team \n\n    ", "template": 13}}, {"pk": 16, "model": "cms.section", "fields": {"category": 0, "content": "\n\n    {% load static %}\n\n      Hey, {{ first_name }}!\n\n      We have some good news and some bad news.\n\n      The Bad News: Vinely does not currently operate in your area. (Bummer, right?)\n\n      The Good News: Your interest in Vinely is super important to us! So much, in fact, that when we do expand to your area, you'll be the very first to know.\n\n      If you have any questions, please contact a Vinely Care Specialist at (888) 294-1128 ext. 1 or <a href=\"mailto:care@vinely.com\">email</a> us. \n\n      {% if sig %}<div class=\"signature\"><img src=\"{{ EMAIL_STATIC_URL }}img/vinely_logo_signature.png\"></div>{% endif %}\n\n      Your Tasteful Friends,\n\n      - The Vinely Team\n\n    ", "template": 14}}, {"pk": 18, "model": "cms.section", "fields": {"category": 0, "content": "\n\n    {% load static %}\n\n    Dear {% if order.receiver.first_name %}{{ order.receiver.first_name }}{% else %}Valued Customer{% endif %},\n\n    Your order has been shipped and you should receive your order in the next 7 days.  You can check the status of your order at:\n\n      http://{{ host_name }}{% url order_complete order.order_id %}\n\n    {% if sig %}<div class=\"signature\"><img src=\"{{ EMAIL_STATIC_URL }}img/vinely_logo_signature.png\"></div>{% endif %}\n\n    Your Tasteful Friends,\n\n    - The Vinely Team\n\n    ", "template": 16}}, {"pk": 19, "model": "cms.section", "fields": {"category": 0, "content": "\n\n    {% load static %}\n\n    Hey {{ pro_first_name }}!\n\n    Guess what? (Drumroll, please.) Someone in your area would like to be a host at a Vinely Taste Party! Please follow up ASAP to help set up an event date, make recommendations, and answer any possible questions.\n\n    Name: {{ first_name }} {{ last_name }}\n\n    Email Address: {{ email }} \n\n    {% if phone %}\n    Phone: {{ phone }}\n    {% endif %}\n\n    Zipcode: {{ zipcode }}\n\n    If you have any questions, please contact a Vinely Care Specialist at (888) 294-1128 ext. 1 or <a href=\"mailto:care@vinely.com\">email</a> us. \n\n    {% if sig %}<div class=\"signature\"><img src=\"{{ EMAIL_STATIC_URL }}img/vinely_logo_signature.png\"></div>{% endif %}\n\n    Your Tasteful Friends,\n\n    - The Vinely Team\n   \n    ", "template": 17}}, {"pk": 20, "model": "cms.section", "fields": {"category": 0, "content": "\n\n    {% load static %}\n\n    Dear {{ host_first_name }},\n\n    The following party has been scheduled:\n\n      Party: \"{{ party.title }}\"\n      {% if party.description %}{{ party.description }}{% endif %}\n      Date: {{ party.event_date|date:\"F j, o\" }}\n      Time: {{ party.event_date|date:\"g:i A\" }}\n\n\n    You can start inviting guests to your party at:\n\n      http://{{ host_name }}{% url party_taster_invite party.id %}\n    \n    If you have any questions, please contact me via e-mail: {{ pro_email }} {% if pro_phone %}or via phone: {{ pro_phone }}{% endif %} \n\n    Look forward to seeing you soon!\n\n    {% if sig %}<div class=\"signature\"><img src=\"{{ EMAIL_STATIC_URL }}img/vinely_logo_signature.png\"></div>{% endif %}\n\n    Your Vinely Pro {{ pro_first_name }} {{ pro_last_name }}\n\n    ", "template": 18}}, {"pk": 17, "model": "cms.section", "fields": {"category": 0, "content": "      {% load static %}\n\n      Hey {{ customer }},\n\n      Thank you for choosing Vinely!\n\n      Your order {{ order_id }} has been received and you should expect your delicious surprise to arrive in 7 - 10 business days. Remember, someone 21 years or older must be available to receive your order.\n\n      Keep an eye on your inbox over the next few days, as we will be sending further shipping information.  You can check the status of your order at:\n\n        http://{{ host_name }}{% url order_complete order_id %}\n\n      Happy Tasting!\n\n      {% if sig %}<div class=\"signature\"><img src=\"{{ EMAIL_STATIC_URL }}img/vinely_logo_signature.png\"></div>{% endif %}\n\n      Your Tasteful Friends,\n    \n      - The Vinely Team\n\n    ", "template": 15}}, {"pk": 23, "model": "cms.section", "fields": {"category": 0, "content": "\n\n    {% load static %}\n\n    {% if contact_request.first_name %}{{ contact_request.first_name }} {{ contact_request.last_name }}{% else %}Potential Customer{% endif %}, is interested in Vinely.  Please reach out via\n\n      E-mail: {{ contact_request.email }}\n      Phone: {{ contact_request.phone }}\n\n    Following message was submitted:\n\n      Subject: {{ contact_request.subject }}\n\n      {{ contact_request.message }}\n\n      {% if sig %}<div class=\"signature\"><img src=\"{{ EMAIL_STATIC_URL }}img/vinely_logo_signature.png\"></div>{% endif %}\n\n      - The Vinely Web Site\n    ", "template": 21}}, {"pk": 24, "model": "cms.section", "fields": {"category": 0, "content": "\n\n    {% load static %}\n\n    Dear {% if host_user.first_name %}{{ host_user.first_name }} {{ host_user.last_name }}{% else %}Friendly Host{% endif %},\n\n    A new Vinely Pro has been assigned to you and now you may request to host Vinely parties! Here's your Vinely Pro contact information:\n\n    Name: {{ pro_user.first_name }} {{ pro_user.last_name }}\n    E-mail: {{ pro_user.email }}\n    Phone: {{ pro_user.get_profile.phone }} \n\n    Please reach out to your Pro and start your Vinely parties!\n\n    Happy Tasting!\n\n    {% if sig %}<div class=\"signature\"><img src=\"{{ EMAIL_STATIC_URL }}img/vinely_logo_signature.png\"></div>{% endif %}\n\n    - The Vinely Team\n\n    ", "template": 22}}, {"pk": 25, "model": "cms.section", "fields": {"category": 0, "content": "\n\n    {% load static %}\n\n    Dear {% if mentee.first_name %}{{ mentee.first_name }} {{ mentee.last_name }}{% else %}Friend{% endif %},\n\n    A new Vinely Mentor has been assigned to you so if you need any help reach out to the Mentor! Here's your Vinely Mentor contact information:\n\n    Name: {{ mentor.first_name }} {{ mentor.last_name }}\n    E-mail: {{ mentor.email }}\n    Phone: {{ mentor.get_profile.phone }} \n\n    Please reach out to your Mentor if you need help! \n\n    Happy Tasting!\n\n    {% if sig %}<div class=\"signature\"><img src=\"{{ EMAIL_STATIC_URL }}img/vinely_logo_signature.png\"></div>{% endif %}\n\n    - The Vinely Team\n\n    ", "template": 23}}, {"pk": 26, "model": "cms.section", "fields": {"category": 0, "content": "\n\n    {% load static %}\n\n    Dear {% if mentor.first_name %}{{ mentor.first_name }} {{ mentor.last_name }}{% else %}Friend{% endif %},\n\n    A new Vinely Mentee has been assigned to you so please help them when needed! Here's your Vinely Mentee contact information:\n\n    Name: {{ mentee.first_name }} {{ mentee.last_name }}\n    E-mail: {{ mentee.email }}\n    Phone: {{ mentee.get_profile.phone }} \n\n    Please reach out to your Mentee to share your wisdom! \n\n    Happy Tasting!\n\n    {% if sig %}<div class=\"signature\"><img src=\"{{ EMAIL_STATIC_URL }}img/vinely_logo_signature.png\"></div>{% endif %}\n\n    - The Vinely Team\n\n    ", "template": 24}}, {"pk": 27, "model": "cms.section", "fields": {"category": 0, "content": "\n\n    {% load static %}\n\n    Dear {% if mentor.first_name %}{{ mentor.first_name }} {{ mentor.last_name }}{% else %}Friend{% endif %},\n\n    A new Vinely Mentee has been assigned to you so please help them when needed! Here's your Vinely Mentee contact information:\n\n    Name: {{ mentee.first_name }} {{ mentee.last_name }}\n    E-mail: {{ mentee.email }}\n    Phone: {{ mentee.get_profile.phone }} \n\n    Please reach out to your Mentee to share your wisdom! \n\n    Happy Tasting!\n\n    {% if sig %}<div class=\"signature\"><img src=\"{{ EMAIL_STATIC_URL }}img/vinely_logo_signature.png\"></div>{% endif %}\n\n    - The Vinely Team\n\n    ", "template": 24}}, {"pk": 22, "model": "cms.section", "fields": {"category": 0, "content": "\n    {% load static %}\n\n    Hey, {{ first_name }}!\n\n    Guess what? (Drumroll, please.) Your RSVP was received successfully! Now you can prepare to be paired with a Vinely Personality.\n\n    Please fill out our quick 11-question survey. It will give us a glimpse into your personal taste. No pressure here. There's no right or wrong answer.\n\n    {% if plain %}\n    Click on this link to fill out the questionnaire: http://{{ host_name }}{% url pre_questionnaire_general %}\n    {% else %}\n    <a class=\"brand-btn\" href=\"http://{{ host_name }}{% url pre_questionnaire_general %}\">Take the First Step</a>\n    {% endif %}\n\n    Happy Tasting!\n\n    {% if sig %}<div class=\"signature\"><img src=\"{{ EMAIL_STATIC_URL }}img/vinely_logo_signature.png\"></div>{% endif %}\n\n    - The Vinely Team\n\n    ", "template": 20}}, {"pk": 3, "model": "cms.section", "fields": {"category": 2, "content": "<h1>WHERE'S THE WINE PARTY? YOUR PLACE!</h1>\n<p>Host a lighthearted, private wine tasting with friends, discover your very own wine personality, and earn rewards from Vinely. How?</p>\n \n<h2>Find Some Time.</h2>\n<p>Schedule a Vinely Taste Party and you\u2019ll be on your way to a very tasteful experience. You can either organize the party with a Pro you know, or we can find one for you.</p>\n \n<h2>Find Some Friends.</h2>\n<p>You got \u2018em, so get \u2018em to your place! We recommend 8 \u2013 12 people. Your Vinely Pro will be glad to help you through the party planning process. </p>\n \n<h2>Order a Tasting Kit.</h2>\n<p>Order a Tasting Kit from Vinely.com. It\u2019s quick and easy. Kits start at $75 and include six wines and everything you need for guests to sip, savor, and rate. </p>\n \n<h2>Get rewarded.</h2>\n<p>At the Taste Party, guests can place orders based on their personality. The more they order, the more rewards you get! </p>", "template": 2}}, {"pk": 7, "model": "cms.section", "fields": {"category": 0, "content": "\n    {% load static %}\n\n    Please verify your e-mail address and create a new password by clicking the link below and using the temporary password provided.\n\n    http://{{ host_name }}{% url verify_account verification_code %}\n\n    Your temporary password is: {{ temp_password }} \n\n    Use this password to verify your account.\n\n    {% if sig %}<div class=\"signature\"><img src=\"{{ EMAIL_STATIC_URL }}img/vinely_logo_signature.png\"></div>{% endif %}\n\n    from your Vinely Pros.\n\n    ", "template": 5}}, {"pk": 32, "model": "cms.section", "fields": {"category": 4, "content": "Vinely's Story", "template": 3}}, {"pk": 33, "model": "cms.section", "fields": {"category": 0, "content": "\n        <p>Your Vinely Wine Personality is determined by the flavor preferences that characterize your taste in wine. </p>\n\n        <p>You can uncover yours at a Vinely Taste Party, where you\u2019ll sip, savor, and rate wines with your friends. \n        Vinely takes your feedback and runs it through a system developed by leading wine experts and scientists. \n        The system uses this information to uncover your unique taste characteristics and reveals your wine personality. </p>\n\n        <p>Will you be Whimsical, Serendipitous, Sensational, Exuberant, Moxie, or Easygoing?</p>\n\n        <p>Curious to find out? Learn how!</p>\n\n        ", "template": 26}}, {"pk": 34, "model": "cms.section", "fields": {"category": 4, "content": "So, you want to uncover your wine personality?", "template": 26}}, {"pk": 31, "model": "cms.section", "fields": {"category": 4, "content": "<span></span>", "template": 2}}, {"pk": 4, "model": "cms.section", "fields": {"category": 3, "content": "<h1>Want to conduct vinely taste parties and get paid to do it?</h1>\n\n<p>Help people discover their true taste in wine, and earn money while doing it! Vinely makes it easy for you to lead tasters through the learning experience. It\u2019s simple, fun, and best of all, it\u2019s profitable!</p>\n\n<h2>Find a Group</h2>\n<p>Identify hosts who want to invite friends or family to their homes for a Vinely Taste Party. Also, if we get contacted by a host who doesn\u2019t know a Pro, we may introduce you.</p>\n\n<h2>Guide the Party</h2>\n<p>Conducting a party is simple and fun. As a Pro, you\u2019ll help the host set up before the party and ensure the tasting goes according to the party plan. No wine experience needed! We\u2019ll provide the training and tools to make sure you succeed.</p>\n\n<h2>Uncover Personalities</h2>\n<p>Once tasters have sipped and savored, you\u2019ll be able to input their ratings into the Vinely web-based system, which quickly identifies each guest\u2019s individual Wine Personality.</p>\n\n<h2>Help Place Orders</h2>\n<p>Lead guests through the ordering process on Vinely.com. All transactions are then processed by Vinely.</p>\n\n</h2>Get Paid</h2>\n<p>You\u2019ll earn based on the success of each party! </p>\n", "template": 2}}, {"pk": 29, "model": "cms.section", "fields": {"category": 4, "content": "IT\u2019S FUN. IT\u2019S EASY. IT WORKS.", "template": 4}}, {"pk": 30, "model": "cms.section", "fields": {"category": 5, "content": "We call it lifelong learning through drinking. It all starts with a Vinely Taste Party...", "template": 4}}, {"pk": 35, "model": "cms.section", "fields": {"category": 0, "content": "\n\n        {% load static %}\n\n        Thank you for attending \"{{ party.title }}\" on {{ party.event_date|date:\"F j, o\" }} and for ordering wine.\n\n        You can always visit our site and <a href=\"{% url start_order party.id %}\">order more wine</a> later or become a VIP by \n        <a href=\"{% url start_order party.id %}\">subscribing</a> for our amazing wine selections.\n\n        {% if custom_message %}\n        {{ custom_message }}\n        {% endif %}\n\n        {% if sig %}<div class=\"signature\"><img src=\"{{ EMAIL_STATIC_URL }}img/vinely_logo_signature.png\"></div>{% endif %}\n\n        Your Tasteful Friends,\n\n        - The Vinely Team\n\n        ", "template": 27}}, {"pk": 21, "model": "cms.section", "fields": {"category": 0, "content": "    {% load static %}\n\n    What's a Vinely Party? Think of it as learning through drinking.  It's part wine tasting.\n    Part personality test.  And part... well... party.\n\n    The wines you'll sample will give us an idea of your personal taste. The flavors you enjoy and the ones you could do without. After sipping, savoring, and rating each wine, we'll assign you one of six Vinely Personalities. Then, we'll be able to send wines perfectly paired to your taste - right to your doorstep.\n\n      Party: \"{{ party.title }}\"\n      Host: {{ invite_host_name }} <{{ invite_host_email }}>\n      {% if party.description %}{{ party.description }}{% endif %}\n      Date: {{ party.event_date|date:\"F j, o\" }}\n      Time: {{ party.event_date|date:\"g:i A\" }}\n      Location: {{ party.address.full_text }}\n\n    {% if verification_code %}\n    To manage your invitation and follow the party, we have created a new account for you.\n\n    Copy this verification code: {{ temp_password }} and click the following link\n\n      http://{{ host_name }}{% url verify_account verification_code %}\n\n    to verify your e-mail address and create a new password.\n    {% endif %}\n\n    {% if custom_message %}\n    {{ custom_message }}\n    {% endif %}\n\n    Will you attend? You know you want to! RSVP by {{ rsvp_date|date:\"F j, o\" }}. Better yet, don't wait! \n\n    {% if plain %}\n    Click on this link to RSVP Now: http://{{ host_name }}{% url party_rsvp party.id %}\n    {% else %}\n    <div class=\"email-rsvp-button\"><a href=\"http://{{ host_name }}{% url party_rsvp party.id %}\">RSVP Now</a></div>\n    {% endif %}\n\n    {% if sig %}<div class=\"signature\"><img src=\"{{ EMAIL_STATIC_URL }}img/vinely_logo_signature.png\"></div>{% endif %}\n\n    Your Tasteful Friends,\n\n    - The Vinely Team", "template": 19}}, {"pk": 28, "model": "cms.section", "fields": {"category": 0, "content": "        Join us November 27th, 2012 for a Vinely Holiday Taste Party open house from 5:00 pm to 8:00 pm at Brush Studio \n        at <a href=\"http://www.brushgr.com\">Brush Studio</a> located in Gaslight Village - East Grand Rapids.\n\n        <h2>WHAT\u2019S A VINELY TASTE PARTY?</h2>\n        <p>Think of it as learning through drinking. It\u2019s part wine tasting. Part personality test. And part...well...party.</p>\n\n        <p>Kick off the holiday season as our guest at the Vinely Holiday Taste Party. The wines you\u2019ll sample will give us an idea of your personal taste. The flavors you enjoy and the ones you could do without. After sipping, savoring, and rating each wine, we\u2019ll assign you one of six Vinely Personalities. \n        Then, we\u2019ll be able to send wines perfectly paired to your taste - right to your doorstep. </p>\n       <h2>A VINELY WINE PERSONALITY = A FUTURE OF WINES YOU'LL LOVE</h2>\n\n        <p>With Vinely you can discover up to 144 wines a year you never knew you loved conveniently shipped right to where you sip. At Vinely we separate the Moxies form the Sensational. The Exuberant from the Easygoing. And the Whimsical from the Serendipitous. </p>\n\n<p>Come early, stay late but promise you will come November 27th to Brush Studio.</p>\n\n       <h2>BONUS</h2>\n<p>Get your creativity on during the Vinely Holiday Taste Party. Brush Studio will be offering painting that evening for a discount to any of our guests. $20 will get you all materials as well as instruction if you need it.</p>\n        <p></p>\n        <h2>Tell us you\u2019ll attend! You know you want to!</h2>\n\n        <p></p>\n        <br />\n        {% if fb_view %}\n        <a class=\"btn btn-large btn-success\" href=\"/facebook/event/signup/24/\">Sign Me Up</a>\n        {% else %}\n        <a class=\"btn btn-large btn-success\" href=\"/event/signup/24/\">Sign Me Up</a>\n        {% endif %}\n        <br /><br />\n\n        <h2>But where\u2019s the parking?</h2>\n        <p>Don\u2019t let parking stand in your way. The parking in Gaslight Village is always free. Find a spot on the street or in the parking structure behind the sail sculpture. </p>\n        <h2>Questions</h2>\n        <p>Contact a Vinely Care Specialist at <a href=\"care@vinely.com\">care@vinely.com</a> or call 1.888.294.1128 ext: 1</p>\n\n        ", "template": 25}}]